<?xml version="1.0" encoding="UTF-8"?>
<messages>

<question id=1>
    <author></author>
    <content>Har dere flere influensa vaksiner?</content>
</question>

<person id=1> 
    <firstname>Anna</firstname>
    <lastname>Smith</lastname>
    <affiliation>customer</affiliation>
</person>

<employee id=1>
    <firstname>Marie</firstname>
    <lastname>Løken</lastname>
</employee>

<answer id=1>
    <author></author>
    <content>Ja, vi har fortsatt ganske mange</content>

</answer>

</messages>