<?xml version="1.0" encoding="UTF-8"?>
<answer id="3">
    <questionId>13</questionId>
    <date>20-10-2025</date>
    <title>Hvor lenge varer garantien?</title>
    <content>
        Hei!
        Det var leit å høre at din symaskin har sluttet å virke.
        Vi tilbyr 5 års garanti på alle våre symaskiner.
        Du kan levere inn din symaskin til vår 
        butikk og våre medarbeidere vil prøve å finne ut av årsaken
        til at den ikke fungerer lenger. Dersom den ikke er mulig å
        fikse vil vi tilby deg lik eller tilsvarende maskin basert på
        vår lagerbeholdning. 
    </content>
    <authorId>2</authorId>
    <authorName>Kari Nordmann</authorName>
</answer>

