<?xml version="1.0" encoding="UTF-8"?>
<!-- oppgave 1 a) -->
<document>
    <contatct>
        <author>Karl A</author>
        <age>10</age>
        <mail>karla@gmail.com</mail>
        <question id="2">Hvordan returnerer jeg?</question>
    </contatct>
</document>

<!-- opgave 1 b) -->

<document>
    <person id="1">
        <name>Karl</name>
        <lastName>Aas</lastName>
        <institution>UiB</institution>
    </person>
</document>

<!-- oppgave 1 c) -->

<document>
    <question>Hvordan returnerer jeg?</question>
    <author>Erik</author>
    <answer>Send pakken tilbake til leverandør</answer>
</document>