<?xml version="1.0" encoding="UTF-8"?>

<answers>

    <answer>
        <text> We will send you a new replacement ASAP! </text>
        <employee id=01>
            <firstname>Oscar</firstname>
            <lastname>Noren</lastname>
        </employee>
    </answer>

    <answer>
        <text> There should be a tracking number in the email you recieved after you put in your order. </text>
        <employee id=02>
            <firstname>Jonas</firstname>
            <lastname>Bestul</lastname>
        </employee>
    </answer>

</answers>