<?xml version="1.0" encoding="UTF-8"?>

<questions>

    <question>
        <text> Hello, I just recieved my items and their damaged. I want them replaced. </text>
        <customer id=01>
            <firstname> Thomas </firstname>
            <lastname> Karlsen </lastname>
        </customer>
    </question>

    <question>
        <text> When will my items arrive? </text>
        <customer id=02>
            <firstname> Zara </firstname>
            <lastname> Beis </lastname>
        </customer>
    </question>

</questions>
