author_name,author_profile_link,title,url
David Pierce,https://www.theverge.com/23639378/best-ipad-apple-buy-model-price#comments,The best iPad to buy,https://www.theverge.com/23639378/best-ipad-apple-buy-model-price
Sheena Vasani,https://www.theverge.com/23769068/best-ebook-readers#comments,The best ebook reader to buy right now,https://www.theverge.com/23769068/best-ebook-readers
Jennifer Pattison Tuohy,https://www.theverge.com/22997597/best-robot-vacuum-cleaner#comments,The best robot vacuums,https://www.theverge.com/22997597/best-robot-vacuum-cleaner
Brandon Widder,https://www.theverge.com/21289209/best-apple-watch-deals#comments,Here are the best Apple Watch deals right now,https://www.theverge.com/21289209/best-apple-watch-deals
Sheena Vasani,https://www.theverge.com/21539047/best-amazon-kindle-deals#comments,Here are the best Kindle deals right now,https://www.theverge.com/21539047/best-amazon-kindle-deals
Quentyn Kennemer,https://www.theverge.com/23025443/best-xbox-controllers-one-series-x-s#comments,The best Xbox controller to buy right now,https://www.theverge.com/23025443/best-xbox-controllers-one-series-x-s
Victoria Song,https://www.theverge.com/23449363/best-android-smartwatches-wear-os#comments,The best smartwatches for Android,https://www.theverge.com/23449363/best-android-smartwatches-wear-os
Victoria Song,https://www.theverge.com/22985108/best-fitness-tracker#comments,The best fitness trackers to buy right now,https://www.theverge.com/22985108/best-fitness-tracker
Chris Welch,https://www.theverge.com/21309820/best-wireless-earbuds#comments,The best wireless earbuds to buy right now,https://www.theverge.com/21309820/best-wireless-earbuds
Quentyn Kennemer,https://www.theverge.com/24152949/dji-osmo-pocket-3-opinion#comments,The DJI Pocket 3 is almost everything I wanted my iPhone camera to be,https://www.theverge.com/24152949/dji-osmo-pocket-3-opinion
Allison Johnson,https://www.theverge.com/22163811/best-phone#comments,The best phone to buy right now,https://www.theverge.com/22163811/best-phone
Sheena Vasani,https://www.theverge.com/21302051/best-apple-airpods-deals#comments,Here are the best AirPods deals you can get right now,https://www.theverge.com/21302051/best-apple-airpods-deals
Victoria Song,https://www.theverge.com/23291925/best-sleep-tech-trackers-earbuds-wearables#comments,The best sleep gadgets to help you catch those Zzzs,https://www.theverge.com/23291925/best-sleep-tech-trackers-earbuds-wearables
Victoria Song,https://www.theverge.com/22882401/garmin-vivomove-sport-review-fitness-tracker-smartwatch-wearables#comments,Garmin Vivomove Sport review: the right mix of form and function,https://www.theverge.com/22882401/garmin-vivomove-sport-review-fitness-tracker-smartwatch-wearables
Victoria Song,https://www.theverge.com/22937154/garmin-fenix-7s-review-fitness-tracker-smartwatch#comments,Garmin’s Fenix 7S Sapphire Solar makes the case for smaller fitness watches,https://www.theverge.com/22937154/garmin-fenix-7s-review-fitness-tracker-smartwatch
Victoria Song,https://www.theverge.com/22789248/oura-ring-3-review-sleep-tracker-fitness-tracker#comments,Oura Ring Generation 3 review: a relationship for the long term,https://www.theverge.com/22789248/oura-ring-3-review-sleep-tracker-fitness-tracker
Dieter Bohn,https://www.theverge.com/22722533/apple-watch-series-7-review-screen-watchos-features#comments,Apple Watch Series 7 review: time and time again,https://www.theverge.com/22722533/apple-watch-series-7-review-screen-watchos-features
Thomas Ricker,https://www.theverge.com/22934516/garmin-epix-2-review#comments,Garmin’s Epix 2 multisport watch made me a touchscreen convert,https://www.theverge.com/22934516/garmin-epix-2-review
Allison Johnson,https://www.theverge.com/24247479/apple-iphone-16-plus-review-camera-control-screen-battery#comments,Apple iPhone 16 and 16 Plus review: all caught up,https://www.theverge.com/24247479/apple-iphone-16-plus-review-camera-control-screen-battery
Victoria Song,https://www.theverge.com/24132998/one-plus-watch-2-review-smartwatches-wearables#comments,The OnePlus Watch 2 is what redemption looks like,https://www.theverge.com/24132998/one-plus-watch-2-review-smartwatches-wearables
Victoria Song,https://www.theverge.com/23500640/garmin-venu-sq-2-review-smartwatch-fitness-tracker#comments,Garmin Venu Sq 2 review: an excellent Fitbit alternative,https://www.theverge.com/23500640/garmin-venu-sq-2-review-smartwatch-fitness-tracker
Chris Welch,https://www.theverge.com/23365910/apple-airpods-pro-second-generation-review#comments,"Apple AirPods Pro (second-gen) review: same look, better everything else",https://www.theverge.com/23365910/apple-airpods-pro-second-generation-review
Victoria Song,https://www.theverge.com/24107020/garmin-forerunner-165-music-review-smartwatch-wearables#comments,The Forerunner 165 series is the budget training watch Garmin needed,https://www.theverge.com/24107020/garmin-forerunner-165-music-review-smartwatch-wearables
Jennifer Pattison Tuohy,https://www.theverge.com/22961597/robot-vacuum-connect-control-amazon-alexa-assistant-roomba-roborock-how-to#comments,How to control your robot vacuum with Alexa,https://www.theverge.com/22961597/robot-vacuum-connect-control-amazon-alexa-assistant-roomba-roborock-how-to
Victoria Song,https://www.theverge.com/23733359/mobvoi-ticwatch-pro-5-review-wear-os-3-smartwatch-wearables#comments,Mobvoi TicWatch Pro 5 review: timing is everything,https://www.theverge.com/23733359/mobvoi-ticwatch-pro-5-review-wear-os-3-smartwatch-wearables
Verge Staff,https://www.theverge.com/authors/verge-staff,Apple Watch ban: everything you need to know,https://www.theverge.com/24009254/apple-watch-itc-ban-patent-dispute
Allison Johnson,https://www.theverge.com/23792961/nothing-phone-2-review-glyph-screen-battery-camera#comments,Nothing Phone 2 review: the vibes abide,https://www.theverge.com/23792961/nothing-phone-2-review-glyph-screen-battery-camera
Jennifer Pattison Tuohy,https://www.theverge.com/22880352/irobot-roomba-j7-plus-samsung-jet-bot-ai-plus-robot-vacuum-review-comparison-test#comments,Roomba j7 Plus vs. Jet Bot AI Plus: can these robot vacuums pass the poop test?,https://www.theverge.com/22880352/irobot-roomba-j7-plus-samsung-jet-bot-ai-plus-robot-vacuum-review-comparison-test
Chris Welch,https://www.theverge.com/24265270/samsung-galaxy-buds-3-pro-review#comments,Samsung Galaxy Buds 3 Pro review: light ’em up,https://www.theverge.com/24265270/samsung-galaxy-buds-3-pro-review
Jennifer Pattison Tuohy,https://www.theverge.com/24098771/dyson-vis-nav-robot-vacuum-hands-on#comments,"Dyson’s 360 Vis Nav is a powerful robovac, but it’s the brush that tickles me the most",https://www.theverge.com/24098771/dyson-vis-nav-robot-vacuum-hands-on
Wes Davis,https://www.theverge.com/24246068/apple-iphone-16-pro-action-button-ios-shortcuts-uses-examples#comments,In defense of the iPhone Action Button,https://www.theverge.com/24246068/apple-iphone-16-pro-action-button-ios-shortcuts-uses-examples
Victoria Song,https://www.theverge.com/23673132/hatch-restore-2-review-tiktok-sleep-tech#comments,Hatch Restore 2 review: TikTok made me try it,https://www.theverge.com/23673132/hatch-restore-2-review-tiktok-sleep-tech
Thomas Ricker,https://www.theverge.com/24125032/soundcore-sleep-a20-review-noise-cancelling-earbuds#comments,Anker’s latest Soundcore Sleep earbuds actually improve slumber,https://www.theverge.com/24125032/soundcore-sleep-a20-review-noise-cancelling-earbuds
