<Root>
    <Questions>
        <question ID="67" Author="John Pork">
            <content>How long is the delivery time from your warehouse to?</content>
        </question>

        <question ID="21" Author="Lebron James">
            <content>What if I buy 9 flutes and then another 10 flutes, do you guys deliver in bulk?</content>
        </question>
    </Questions>

    <People>
        <Person name="Efnan Haji" Institution="UIB" PersonID="223"/>
        <Person name="Mark Zuckerberg" Institution="Illuminati" PersonID="1"/>
    </People>

    <Answers>
        <Answer ID="67" Author="Efnan Haji">
            <content>It takes about six or seven days globally.</content>
        </Answer>

        <Answer ID="21" Author="Efnan Haji">
            <content>Yes Lebron, we deliver in bulk, you have ordered 21 flutes therefore we will send them all in a bigger package.</content>
        </Answer>
    </Answers>
</Root>
