<?xml version="1.0" encoding="UTF-8"?>
<data>
<questions>
    <question id="101">
        <text> Er det gratis frakt på bestillinger over 500kr? </text>
        <author> Jane Doe</author>
    </question>
</questions>


<persons>
    <person id="201">
        <fullname>Jane Doe</fullname>
        <affiliation> True clothes INC. </affiliation>
    </person>
</persons>

<answers>
    <answer id="301">
        <questionId>101</questionId>
        <author>Jane Doe</author>
        <text>Nei, ingenting er gratis her i livet</text>
    </answer>
</answers>
</data>