<!-- Oppgave 1a -->
<dokument>
    <spørsmål id="1">
        <tekst>Hva er aldersgrensen for å kjøpe øl i Norge?</tekst>
        <forfatter>Håkon Hasle</forfatter>
    </spørsmål>



<!-- Oppgave 1b -->
    <person id="1">
        <fullt_navn>Håkon Hasle</fullt_navn>
        <tilknytning>Universitetet i Bergen</tilknytning>
    </person>



<!-- Oppgave 1c -->
    <svar id="1">
        <forfatter>Håkon Hasle</forfatter>
        <spørsmål_id>1</spørsmål_id>
        <tekst>Aldersgrensen for å kjøpe øl i Norge er 18 år.</tekst>
    </svar>

</dokument>
