<?xml version="1.0" encoding="UTF-8"?>
    <Seller>
        <firstname>Jack</firstname>
        <lastname>Donaldson</lastname>
        <fullname>Jack Donaldson</fullname>
        <institution>LogoLess Shop</institution>
        <question>How long is the delivery time? <UserID>ID 2</UserID></question>
        <answear>The delivery usally takes 7-10 days</answear>
        <date>2025.10.13</date>
        <hour>10:30</hour>
        <to>LogoLess Shop</to>
        <from>John Smith</from>
    </Seller>