Oblig 4

<?xml version="1.0" encoding="UTF-8"?>
<Question id="23">
    <Author>
        <Name>Emily Andersen</Name>
        <UserID>102</UserID>
    </Author>
    <Text>What are the return policies for the items in your store?</Text>
</Question>
<?xml version="1.0" encoding="UTF-8"?>
<Person id="102">
    <FullName>Emily Johnson</FullName>
    <Affiliation>Online Store - Customer</Affiliation>
</Person>
<?xml version="1.0" encoding="UTF-8"?>
<Answer id="56">
    <Author>
        <Name>Store Support Team</Name>
        <UserID>900</UserID>
    </Author>
    <QuestionRef id="23"/>
    <Text>You can return the purchase within 24 houres of purchase, provided with a receipt.</Text>
</Answer>