<?xml version "1.0" encoding ="UTF-8">
<questions>
    <question id=001>
        <text>Når kommer den neste paraply- serien deres ut?</text>
        <customer id=001>
            <first_name>Navn<first_name>
            <last_name>Etternavn<last_name>
        </customer>
    </question>
</questions>
 
<answers>
     <reply id=002>
        <text>Hei! Vår neste paraply- serie kommer ut 10 dager før halloween!</text>
        <customer_support id=037>
            <first_name>Millie</first_name>
            <last_name>Goldenheart</last_name>
        </customer_support>
    </reply>
</answers>