<?xml version="1.0" encoding="UTF-8"?>

<answers>
    <answer>
        <id>3001</id>
        <question_id>1001</question_id>
        <author_id>2001</author_id>
        <text>Yes, we accept returns during 30 days. Please contact us at info100@uib.no for further information.</text>
    </answer>

    <answer>
        <id>3002</id>
        <question_id>1002</question_id>
        <author_id>2002</author_id>
        <text>It depends on what cameras you want to trade. Please call my tomorrow at 12 a.m. to discuss the details. My phone number is 123 45 678</text>
    </answer>
</answers>