<?xml version="1.0" encoding="UTF-8"?> 

<persons>
    <person> 
        <id>2001</id> 
        <full_name>
            <first_name>Navn</first_name> 
            <surname>Navnesen</surname>
        </full_name>
        <affiliation>UiB</affiliation> 
    </person>

    <person> 
        <id>2002</id> 
        <full_name>
            <first_name>Ola</first_name> 
            <surname>Olsen</surname>
        </full_name>
        <affiliation>UiT</affiliation> 
    </person>
</persons>