<?xml version="1.0" encoding="UTF-8"?>
<UmaiFAQ>
    <Questions>
        <Question id="101">
            <Text>Can I order the Potato Set with fries instead?</Text>
            <AuthorRef id="P001"/>
        </Question>
    </Questions>

    <People>
        <Person id="P001">
            <Name>Ado Pot</Name>
            <Affiliation>Customer</Affiliation>
        </Person>

        <Person id="P002">
            <Name>Mina Fry</Name>
            <Affiliation>Umai Restaurant Support</Affiliation>
        </Person>
    </People>

    <Answers>
        <Answer id="A45">
            <QuestionRef id="101"/>
            <AuthorRef id="P002"/>
            <Text>Yes! You can choose fries instead of mashed potatoes when ordering the Potato Set.</Text>
        </Answer>
    </Answers>
</UmaiFAQ>
