<?xml version="1.0" encoding="UTF-8"?>

<answers>
    <answer>
        <answerID> 301 </answerID>
        <questionID> 201 </questionID>
        <personID> 102 </personID>
        <text> Leveringstid til Østlandet beregnes til 3-5 virkedager. </text>
    </answer>

    <answer>
        <answerID> 302 </answerID>
        <questionID> 202 </questionID>
        <personID> 101 </personID>
        <text> Retur er ikke tilgjengelig for ferskvarer, men det er mulig å kansellere ordre 12 timer etter bestilling. Ved reklamasjon kontakt kundeservice: kundeservice@blueberry.com </text>
    </answer>
</answers>