<?xml version="1.0" encoding="UTF-8"?>

<people> 
    <person>
        <personID>201</personID>
        <fullname>Jens Jensen</fullname>
        <affiliation>Customer</affiliation>
    </person>

    <person>
        <personID>202</personID>
        <fullname>Berit Beritsen</fullname>
        <affiliation> Customer</affiliation>
    </person>

    <person>
        <personID>101</personID>
        <fullname>Kari Karison</fullname> 
        <affiliation>Blueberry Customer Service</affiliation>
    </person>
 
    <person>
        <personID>102</personID>
        <fullname>Ola Olason</fullname> 
        <affiliation>Blueberry Online Store</affiliation>
    </person>
</people>
