<?xml version="1.0" encoding="UTF-8"?>

<!--
2a: See word document in zip file for answer to the question. 
I'll only show what is coded in this document as a presentation of
an user profile. -->

<UserProfile>
  <UserID>482</UserID>
  <Username>JamesThe</Username>
  <FullName>James Thelon</FullName>
  <Email>James.T@northernbiome.co.uk</Email>
  <MemberSince>01-07-2025</MemberSince>
</UserProfile>



<Solution>
  <UserID>482</UserID>
  <TaskID>281</TaskID>
  <author>Lauritz</author>
  <content>My suggested solution is the implement a more efficient binary
  algorithm to reduce the time spent troubleshooting</content> 
</Solution>


