<?xml version="1.0" encoding="UTF-8"?>
<!-- oppgave 1a -->

<innlevering1a>
    <author>
        <fulltNavn>Jaran Aspevik</fulltNavn>
        <alder>21</alder>
        <studie>Informasjonsvitenskap</studie>
        <semester>1</semester>
        <universitet>Universitetet i Bergen</universitet>
    </author>
</innlevering1a>
<!-- oppgave 1b -->
<innlevering1b>
<question>
    <question id="1">

        <author id="1">
            <navn>Jaran Aspevik</navn>
            <age>67</age>
            <institusjon>Universitetet i Bergen</institusjon>
        </author>

        <text>spørsmål?</text>

    </question>
    
</innlevering1b>
<!-- oppgave 1c -->
<innlevering1c>

<answer>
    <answer id="1">
        <author id="2">
            <navn>Martin Mai</navn>
            <age>50</age>
            <institusjon>Folkehøgskolen Setesdal</institusjon>
        </author>
    <tekst>svar!</tekst>
    </answer>
</innlevering1c>

<!-- oppgave 2a -->
<!-- I dette tilfellet skal data hentes om klienten.
    Det betyr at serveren sender en XML-fil med brukerdataen til klienten.
    (Get request) -->
<!-- oppgave 2b -->
<!-- Nå skal data endres, så i dette tilfellet blir en XML-fil
    sendt fra klienten til serveren med de nye dataene.
    (Post request) -->